{
    "work_dir": ".",
    "log_name": "multilocale",
    "objdir": "obj-firefox",
    "locales_file": "build/mobile/android/locales/maemo-locales",
    "locales_dir": "mobile/android/locales",
    "ignore_locales": ["en-US", "multi"],
    "repos": [{
        "repo": "https://hg.mozilla.org/releases/mozilla-beta",
        "tag": "default",
        "dest": "build"
    },{
        "repo": "https://hg.mozilla.org/build/buildbot-configs",
        "tag": "default",
        "dest": "build/configs"
    },{
        "repo": "https://hg.mozilla.org/build/tools",
        "tag": "default",
        "dest": "tools"
    },{
        "repo": "https://hg.mozilla.org/build/compare-locales",
        "tag": "RELEASE_AUTOMATION"
    }],
    "vcs_share_base": "/builds/hg-shared",
    "hg_l10n_base": "https://hg.mozilla.org/releases/l10n/mozilla-beta",
    "hg_l10n_tag": "default",
    "l10n_dir": "mozilla-beta",
    "merge_locales": true,
    "mozilla_dir": "build",
    "mozconfig": "build/mobile/android/config/mozconfigs/android-armv6/nightly"
}
